"id","created_at","updated_at","mentee_id","created_by_user_id","company_id","amount","student_payment_percent","status","note","rejected_reason","employment_date","canceled_at","canceled_by_user_id","cancellation_reason"
2,2026-01-08 23:17:45.833 +0300,2026-01-08 23:17:48.536 +0300,130,55,451,250000,200,approved,,,2025-12-08,,,
32,2026-01-20 14:48:37.071 +0300,2026-01-20 15:25:01.409 +0300,56,13,,234000,200,rejected,,"Процент не верный, у него 100%",2025-10-28,,,
5,2026-01-08 23:25:01.382 +0300,2026-01-08 23:25:04.811 +0300,113,55,146,300000,200,approved,,,2025-11-27,,,
33,2026-01-20 17:06:24.110 +0300,2026-01-20 17:15:57.627 +0300,285,20,148,357000,200,rejected,,Замени сумму,2025-12-26,,,
8,2026-01-08 23:30:39.740 +0300,2026-01-08 23:30:42.005 +0300,72,55,454,260000,100,approved,,,2025-11-28,,,
34,2026-01-20 19:06:52.113 +0300,2026-01-20 19:12:16.052 +0300,56,13,,234000,100,approved,,,2025-10-28,,,
10,2026-01-08 23:37:06.241 +0300,2026-01-08 23:37:47.526 +0300,170,23,456,324000,175,rejected,,"не корректные доли, должно быть ibochkarev878:12, mamin_boec:18",2025-11-20,,,
12,2026-01-08 23:41:06.598 +0300,2026-01-08 23:41:10.343 +0300,75,55,200,313200,100,approved,,,2025-12-25,,,
35,2026-01-20 21:25:01.486 +0300,2026-01-20 21:33:38.140 +0300,92,101,164,220000,200,approved,,,2025-10-03,,,
13,2026-01-08 23:48:35.910 +0300,2026-01-09 00:10:50.693 +0300,30,55,457,350000,100,approved,,,2025-10-15,,,
11,2026-01-08 23:38:30.592 +0300,2026-01-09 00:13:53.070 +0300,170,23,456,324000,200,approved,,,2025-11-20,,,
9,2026-01-08 23:32:15.454 +0300,2026-01-09 00:14:36.989 +0300,300,55,455,400000,200,approved,,,2025-11-12,,,
7,2026-01-08 23:28:47.159 +0300,2026-01-09 00:15:40.597 +0300,133,55,39,243600,200,approved,,,2025-11-01,,,
6,2026-01-08 23:26:55.154 +0300,2026-01-09 00:16:46.478 +0300,129,55,213,250400,200,approved,,,2025-11-26,,,
4,2026-01-08 23:22:54.323 +0300,2026-01-09 00:17:59.923 +0300,78,55,453,260000,200,approved,,,2025-11-10,,,
3,2026-01-08 23:20:36.961 +0300,2026-01-09 00:18:38.982 +0300,136,55,452,230000,200,approved,,,2025-10-28,,,
15,2026-01-09 00:23:53.411 +0300,2026-01-09 00:24:04.358 +0300,44,23,94,280000,100,approved,,,2025-11-24,,,
16,2026-01-09 00:27:39.962 +0300,2026-01-09 00:27:51.118 +0300,117,55,459,300000,200,approved,,,2025-11-10,,,
17,2026-01-09 00:30:31.041 +0300,2026-01-09 00:30:39.023 +0300,77,23,94,280000,200,approved,,,2025-09-24,,,
18,2026-01-09 00:32:20.142 +0300,2026-01-09 00:32:29.190 +0300,65,23,265,180000,100,approved,,,2025-12-08,,,
19,2026-01-09 00:35:41.693 +0300,2026-01-09 00:36:09.121 +0300,79,23,94,280000,200,approved,,,2025-09-16,,,
21,2026-01-09 00:51:59.010 +0300,2026-01-09 00:52:01.249 +0300,47,55,460,250000,100,approved,,,2025-11-10,,,
23,2026-01-12 12:29:55.096 +0300,2026-01-12 12:31:01.029 +0300,125,24,462,240000,200,approved,,,2025-11-07,,,
36,2026-01-20 21:26:12.979 +0300,2026-01-20 21:33:39.405 +0300,85,101,482,315000,200,approved,,,2025-10-21,,,
22,2026-01-12 12:28:12.024 +0300,2026-01-12 12:31:04.898 +0300,86,24,461,350000,200,approved,,,2025-11-06,,,
14,2026-01-09 00:06:11.552 +0300,2026-01-12 14:34:01.318 +0300,43,55,458,300150,100,approved,,,2025-11-11,,,
24,2026-01-13 22:10:32.130 +0300,2026-01-13 22:13:19.077 +0300,161,13,108,330600,200,approved,,,2026-01-19,,,
25,2026-01-14 18:53:43.395 +0300,2026-01-14 19:23:52.288 +0300,153,13,,180000,200,approved,,,2025-09-17,,,
1,2026-01-08 23:15:57.391 +0300,2026-01-19 14:07:43.202 +0300,118,55,450,310000,200,approved,,,2025-12-08,,,
29,2026-01-19 20:23:18.153 +0300,2026-01-19 20:32:54.071 +0300,91,101,135,300000,200,approved,,,2025-12-18,,,
30,2026-01-19 20:25:01.646 +0300,2026-01-19 20:32:59.447 +0300,87,101,477,380000,200,approved,,,2025-12-18,,,
27,2026-01-19 09:37:08.963 +0300,2026-01-19 20:33:22.676 +0300,68,18,470,226200,100,approved,,,2026-01-13,,,
28,2026-01-19 09:39:57.654 +0300,2026-01-20 12:11:04.209 +0300,126,18,471,217500,200,approved,,,2026-01-19,,,
26,2026-01-19 09:35:30.587 +0300,2026-01-20 12:11:09.158 +0300,116,18,236,287000,200,approved,,,2025-10-20,,,
31,2026-01-20 14:34:43.342 +0300,2026-01-20 14:34:45.120 +0300,134,55,479,287100,200,approved,,,2025-12-10,,,
37,2026-01-21 11:44:12.786 +0300,2026-01-22 11:46:01.156 +0300,285,20,148,310590,200,approved,,,2025-12-26,,,
38,2026-01-23 02:34:40.707 +0300,2026-01-23 12:23:58.160 +0300,90,5,486,243600,200,approved,,,2025-10-27,,,
39,2026-01-23 02:38:01.744 +0300,2026-01-23 12:24:27.684 +0300,88,5,487,220000,200,approved,,,2025-09-24,,,
40,2026-01-30 19:41:13.046 +0300,2026-01-30 19:41:28.774 +0300,174,23,507,226000,200,approved,,,2026-02-12,,,
41,2026-02-18 14:47:25.228 +0300,2026-02-18 14:47:46.810 +0300,119,18,545,230000,200,approved,,,2026-02-16,,,
43,2026-02-19 13:53:26.594 +0300,2026-02-19 13:57:32.210 +0300,287,24,547,315000,200,approved,,,2026-02-24,,,
44,2026-02-19 20:51:03.524 +0300,2026-02-19 20:54:54.720 +0300,135,13,549,270000,200,approved,,,2026-02-19,,,
46,2026-02-26 19:55:07.514 +0300,2026-02-26 22:04:59.871 +0300,115,64,572,300000,200,approved,,,2026-02-26,,,
47,2026-02-27 15:48:43.186 +0300,2026-02-27 15:48:48.161 +0300,53,24,574,282750,100,approved,,,2026-03-18,,,
45,2026-02-20 14:21:49.561 +0300,2026-03-01 23:09:19.192 +0300,282,24,552,223300,200,approved,,,2026-03-05,,,
42,2026-02-19 11:06:38.376 +0300,2026-03-01 23:09:20.334 +0300,83,5,546,180000,200,approved,,,2026-02-16,,,
48,2026-03-03 21:56:47.825 +0300,2026-03-05 20:42:00.919 +0300,171,64,572,300000,200,approved,,,2026-03-05,,,
49,2026-03-12 15:55:42.890 +0300,2026-03-12 15:56:06.457 +0300,124,5,605,278000,200,rejected,,Долю олега забыл указать,2026-03-12,,,
50,2026-03-12 15:58:26.293 +0300,2026-03-12 16:18:44.126 +0300,124,5,605,278000,200,approved,,,2026-03-12,,,
52,2026-03-17 11:17:10.559 +0300,2026-03-17 11:48:28.654 +0300,353,24,611,365400,200,rejected,,Дата,2026-03-23,,,
54,2026-03-18 13:19:38.064 +0300,2026-03-18 13:50:48.970 +0300,333,23,614,250000,200,approved,,,2026-03-31,,,
53,2026-03-18 13:18:00.863 +0300,2026-03-18 13:50:51.270 +0300,106,23,613,280000,200,approved,,,2026-03-30,,,
55,2026-03-18 21:58:57.567 +0300,2026-03-18 21:59:52.183 +0300,353,24,611,365400,200,approved,,,2026-03-30,,,
56,2026-03-24 17:58:50.981 +0300,2026-03-24 18:10:44.776 +0300,158,20,148,374100,200,approved,,,2026-03-23,,,
59,2026-04-06 12:28:49.302 +0300,2026-04-06 12:28:56.384 +0300,123,23,116,250000,200,approved,,,2026-04-06,,,
58,2026-04-04 14:44:10.019 +0300,2026-04-06 13:43:32.013 +0300,286,24,331,280140,200,approved,,,2026-04-09,,,
57,2026-04-03 15:26:00.369 +0300,2026-04-06 13:43:33.280 +0300,166,64,637,261000,200,approved,,,2026-04-06,,,
60,2026-04-15 17:42:29.313 +0300,2026-04-15 18:31:25.150 +0300,165,13,,300000,200,rejected,,не указана компания,2026-03-13,,,
61,2026-04-15 18:39:13.564 +0300,2026-04-15 18:39:23.629 +0300,165,13,647,300000,200,approved,,,2026-03-13,,,
64,2026-04-23 19:03:18.187 +0300,2026-04-23 21:32:56.896 +0300,167,64,655,260000,200,approved,,,2026-04-28,,,
62,2026-04-15 18:43:07.337 +0300,2026-04-15 21:11:35.819 +0300,293,13,648,310000,200,approved,,,2026-04-07,,,
63,2026-04-20 19:45:05.619 +0300,2026-04-20 21:05:57.894 +0300,154,64,652,282750,200,approved,,,2026-04-27,,,
65,2026-04-28 10:39:02.252 +0300,2026-04-28 11:45:49.443 +0300,302,5,658,239250,200,approved,,,2026-04-28,,,
66,2026-04-28 18:43:05.203 +0300,2026-04-28 18:44:09.806 +0300,121,64,659,261000,200,approved,,,2026-05-12,,,
67,2026-05-02 00:50:58.379 +0300,2026-05-02 00:51:49.628 +0300,94,101,663,306000,200,approved,,,2026-04-21,,,
68,2026-05-05 12:57:21.722 +0300,2026-05-05 13:14:12.856 +0300,160,20,665,282000,200,approved,,,2026-05-05,,,
69,2026-05-19 11:54:58.306 +0300,2026-05-19 11:55:00.687 +0300,49,55,669,400000,100,approved,,,2026-04-15,,,
71,2026-05-29 19:40:29.226 +0300,2026-05-29 20:59:40.315 +0300,363,24,250,251060,200,approved,,,2026-06-08,,,
70,2026-05-29 12:27:43.870 +0300,2026-05-29 14:13:43.498 +0300,366,18,611,278400,200,approved,,,2026-05-29,,,
72,2026-06-08 18:09:57.040 +0300,2026-06-08 18:10:08.095 +0300,100,5,680,200000,200,approved,,,2026-06-08,,,
73,2026-06-17 13:28:08.357 +0300,2026-06-19 23:05:11.835 +0300,370,23,697,188000,200,approved,,,2026-06-24,,,
77,2026-07-02 07:51:03.336 +0300,2026-07-02 07:59:47.246 +0300,294,5,721,252000,200,approved,,,2026-06-29,,,
76,2026-06-24 13:48:53.504 +0300,2026-07-03 17:47:43.130 +0300,141,24,718,217500,200,approved,,,2026-06-29,,,
74,2026-06-22 16:31:04.294 +0300,2026-07-03 17:47:46.278 +0300,288,13,706,278400,200,approved,,,2026-06-17,,,
79,2026-07-09 14:27:27.873 +0300,2026-07-10 11:13:30.208 +0300,2780,23,250,305000,200,approved,,,2026-07-24,,,
80,2026-07-11 11:56:53.954 +0300,2026-07-13 14:43:19.872 +0300,104,5,734,250000,200,approved,,,2026-07-14,,,
78,2026-07-08 15:32:52.807 +0300,2026-07-14 15:19:41.440 +0300,120,24,728,270000,200,canceled,,,2026-07-15,2026-07-14 15:19:41.443 +0300,24,докопались до возраста
81,2026-07-16 19:02:52.414 +0300,2026-07-16 19:11:54.034 +0300,156,24,199,240000,200,approved,,,2026-07-21,,,
82,2026-08-03 16:36:54.206 +0300,2026-08-03 16:40:52.807 +0300,102,5,748,150000,200,approved,,,2026-07-27,,,
