"id","created_at","updated_at","name","additional_names"
5,2025-07-29 17:33:15.298 +0300,2025-07-29 17:33:15.298 +0300,selectel,{}
8,2025-07-30 13:51:02.113 +0300,2025-07-30 13:51:02.113 +0300,Kvando,{}
18,2025-08-08 20:46:08.504 +0300,2025-08-08 20:46:08.504 +0300,Киберпротект,{}
19,2025-08-11 13:30:00.238 +0300,2025-08-11 13:30:00.238 +0300,Аэроклуб IT,{}
20,2025-08-11 14:25:03.866 +0300,2025-08-11 14:25:03.866 +0300,CodingTeam,{}
21,2025-08-12 14:44:09.672 +0300,2025-08-12 14:44:09.672 +0300,"ООО ""Корметрикс""",{}
22,2025-08-12 15:35:20.789 +0300,2025-08-12 15:35:20.789 +0300,Роскадастр Инфотех,{}
23,2025-08-12 17:12:44.621 +0300,2025-08-12 17:12:44.621 +0300,Центр Компетенций Госуправления,{}
111,2025-09-04 17:33:27.433 +0300,2026-01-29 20:49:37.021 +0300,Адмитад,{адмитад}
24,2025-08-14 11:31:25.168 +0300,2025-08-14 11:31:25.168 +0300,Akvilon,{}
27,2025-08-18 15:41:39.457 +0300,2025-08-18 15:41:39.457 +0300,kaspersky,{}
4,2025-07-28 17:32:44.107 +0300,2026-07-03 16:52:50.289 +0300,Angara Security,"{angara security,angara}"
28,2025-08-18 18:38:35.624 +0300,2025-10-23 14:45:21.110 +0300,vk,"{Vk,VK,VK PREDICT}"
30,2025-08-19 18:41:19.617 +0300,2025-08-19 18:41:19.617 +0300,Buzz,{}
78,2025-08-25 14:48:07.473 +0300,2025-12-10 10:11:50.708 +0300,Строительный двор,"{Строительный,строитель,строительный двор}"
33,2025-08-20 20:59:44.146 +0300,2025-08-20 20:59:44.146 +0300,Стратосфера,{}
86,2025-08-27 11:51:26.752 +0300,2025-08-27 11:51:26.752 +0300,ПИК,{}
95,2025-09-01 14:46:29.290 +0300,2025-09-01 14:46:29.290 +0300,B2B-Center,{}
87,2025-08-27 13:18:05.325 +0300,2025-08-27 13:18:05.325 +0300,Telega.in,{}
13,2025-08-04 01:03:48.943 +0300,2025-11-25 08:36:04.654 +0300,Циан,"{циан,ЦИАН}"
88,2025-08-27 14:39:29.047 +0300,2025-08-27 14:39:29.047 +0300,Max,{}
99,2025-09-02 19:38:18.902 +0300,2025-09-09 20:44:38.600 +0300,ФМБА РОССИИ,{ФМБА}
118,2025-09-05 17:39:18.634 +0300,2025-12-10 18:02:07.019 +0300,GETMOBIT,{getmobit}
3,2025-07-28 17:20:31.629 +0300,2025-12-05 18:10:38.578 +0300,Финам,{финам}
38,2025-08-22 16:51:04.096 +0300,2025-08-22 16:51:04.096 +0300,Хантфлоу,{}
96,2025-09-01 19:01:49.525 +0300,2025-09-01 19:01:49.525 +0300,Актив Компьютерс,{}
2,2025-07-28 10:59:25.540 +0300,2026-03-15 19:27:21.602 +0300,Домклик,"{дом,дом.клик}"
98,2025-09-02 19:36:55.361 +0300,2026-01-28 18:03:15.809 +0300,АВ Софт,"{АВ софт,avsoft,авсофт,ав софт}"
34,2025-08-20 21:01:48.921 +0300,2025-08-24 19:53:44.060 +0300,KT.Team,{kt.team}
41,2025-08-23 18:34:36.604 +0300,2025-08-23 18:34:36.604 +0300,ООО К Студия,{}
6,2025-07-29 17:39:41.583 +0300,2026-01-22 20:45:13.425 +0300,Sense Group,"{SENSE(Альфа-банк),sense}"
10,2025-07-30 18:40:07.442 +0300,2026-03-05 13:36:25.925 +0300,Билайн,{beeline}
42,2025-08-24 22:01:25.084 +0300,2025-08-24 22:01:25.084 +0300,ПерилаГлавСнаб,{}
43,2025-08-24 22:12:23.641 +0300,2025-08-24 22:12:23.641 +0300,Интегрированные системы управления,{}
77,2025-08-25 14:39:18.017 +0300,2025-08-25 14:39:18.017 +0300,ExGaming,{}
82,2025-08-26 14:43:41.832 +0300,2025-08-26 14:43:41.832 +0300,SHEVEREV,{}
36,2025-08-21 17:24:05.283 +0300,2026-03-26 20:25:09.814 +0300,"2гис","{2ГИС,2гис,2гис,2гис,2GIS,2 Гис,2 гис,2gis}"
90,2025-08-27 17:10:30.438 +0300,2025-08-27 17:10:30.438 +0300,magicstaff.agency,{}
91,2025-08-27 17:17:21.842 +0300,2025-08-27 17:17:21.842 +0300,Aivi,{}
40,2025-08-22 17:00:12.624 +0300,2025-09-05 11:05:43.220 +0300,AGIMA,{agima}
17,2025-08-08 17:20:32.519 +0300,2026-07-22 13:12:28.939 +0300,Sber,"{сбер,sber,сбер банк,сбео,sebr,сбертех,сбер. it}"
29,2025-08-19 12:35:40.880 +0300,2025-11-05 13:30:56.683 +0300,СОГАЗ,"{согаз,Согаз,Согоаз}"
93,2025-08-29 11:30:36.308 +0300,2025-08-29 11:30:36.308 +0300,Звонок,{}
81,2025-08-26 14:40:13.411 +0300,2025-08-29 15:13:32.459 +0300,ООО Диджитал Сектор Поддержка,{ООО Диджитал Поддержка}
100,2025-09-02 19:39:55.485 +0300,2025-09-02 19:39:55.485 +0300,Production IT,{}
101,2025-09-03 12:49:46.732 +0300,2025-09-03 12:49:46.732 +0300,совкомбанк,{}
102,2025-09-03 12:52:46.679 +0300,2025-09-03 12:52:46.679 +0300,Россия сегодня,{}
103,2025-09-03 16:51:28.641 +0300,2025-09-03 16:51:28.641 +0300,Zvonok,{}
105,2025-09-04 12:36:48.812 +0300,2025-09-04 12:36:48.812 +0300,Absolut,{}
106,2025-09-04 13:17:11.472 +0300,2025-09-04 13:17:11.472 +0300,Корметрикс,{}
112,2025-09-04 18:16:32.838 +0300,2025-12-16 14:38:07.309 +0300,Литрес,"{литрес,ЛитРес,литресэ}"
113,2025-09-04 18:55:11.142 +0300,2025-09-04 18:55:11.142 +0300,Магнит выпечка,{}
83,2025-08-26 15:49:28.371 +0300,2025-09-11 12:25:20.448 +0300,IFellow,{ifellow}
116,2025-09-05 16:03:45.726 +0300,2025-09-05 16:03:45.726 +0300,ivideon,{}
117,2025-09-05 17:04:04.549 +0300,2025-09-05 17:04:04.549 +0300,ISS,{}
115,2025-09-05 15:58:30.398 +0300,2025-10-08 13:50:10.580 +0300,RoRe,{RoRe Group}
79,2025-08-25 17:31:55.940 +0300,2026-01-28 15:21:33.292 +0300,Промэкспертиза,"{Пром,промэкспертиза}"
89,2025-08-27 16:28:12.639 +0300,2025-09-11 11:42:52.618 +0300,Garda Tech,"{Garda,гарда}"
92,2025-08-28 19:18:19.126 +0300,2026-02-06 11:45:15.129 +0300,KTS,{kts}
25,2025-08-17 23:03:17.359 +0300,2025-09-12 16:34:21.675 +0300,Kode,{KODE}
94,2025-09-01 11:16:36.632 +0300,2026-02-04 17:55:42.132 +0300,Криптонит,{криптонит}
1,2025-07-24 01:48:44.770 +0300,2026-03-09 19:48:39.293 +0300,Вкусно и точка,{вкусно и точка}
35,2025-08-20 23:30:49.835 +0300,2025-10-07 17:16:04.083 +0300,ЯндексПоиск,"{Яндекс,Яндекс поиск,яндекс поиск}"
110,2025-09-04 17:22:02.681 +0300,2025-12-09 11:17:57.018 +0300,"Hello, Doc!","{Hello, doc,hello, doc!}"
108,2025-09-04 15:05:01.105 +0300,2025-12-08 14:46:13.499 +0300,GRI,"{Gri,gri}"
12,2025-08-04 00:56:16.781 +0300,2025-12-10 17:58:22.033 +0300,ivi,{иви}
11,2025-08-02 16:40:48.658 +0300,2025-12-15 10:13:21.962 +0300,X5 Tech,"{x5 tech,X5,x5,X5 Te,X5 tech,x5 texh,x5-tech}"
76,2025-08-25 13:45:03.318 +0300,2026-02-11 12:25:14.287 +0300,НСПК,{нспк}
37,2025-08-21 19:09:50.881 +0300,2026-02-12 19:17:24.435 +0300,YADRO,"{yadro,Yadro,yadroo}"
84,2025-08-26 15:50:50.021 +0300,2026-03-11 18:04:04.411 +0300,Леста Игры,"{Леста игры,леста,леста игры}"
109,2025-09-04 15:19:22.594 +0300,2025-09-05 16:14:31.504 +0300,Монитор Софт,{Монитор софт}
136,2025-09-10 11:06:03.737 +0300,2025-09-10 11:06:03.737 +0300,Syntella,{}
128,2025-09-09 05:59:24.663 +0300,2025-09-18 19:56:45.513 +0300,Песко Энергия и Ресурсы,"{Песко,Песко Энергия и Ресурсы}"
131,2025-09-09 14:42:50.598 +0300,2025-10-08 13:53:26.869 +0300,ГУП Московский социальный регистр,{ГУП Московский соц регистр}
134,2025-09-09 20:44:10.358 +0300,2025-10-23 15:27:26.343 +0300,tymy,{TYMY}
140,2025-09-10 15:13:43.002 +0300,2025-12-08 17:42:45.469 +0300,evercodeLad,{evercode lab}
132,2025-09-09 16:28:11.056 +0300,2026-02-27 02:55:10.068 +0300,Яндекс Алиса,"{яндекс,яндекс алиса}"
119,2025-09-05 18:00:46.121 +0300,2025-09-05 18:00:46.121 +0300,Энгри,{}
124,2025-09-08 18:14:14.055 +0300,2025-09-08 18:14:14.055 +0300,ООО Кибертех,{}
138,2025-09-10 12:45:51.474 +0300,2025-09-10 12:45:51.474 +0300,Третье мнение,{}
141,2025-09-10 15:23:43.963 +0300,2025-09-10 15:23:43.963 +0300,Neoflex,{}
145,2025-09-10 21:39:38.004 +0300,2025-09-10 21:39:38.004 +0300,"30БИТ",{}
142,2025-09-10 16:56:56.602 +0300,2025-09-15 21:26:30.306 +0300,Цифровой Аудит,{Цифровой аудит}
125,2025-09-08 18:34:18.095 +0300,2025-09-08 18:34:18.095 +0300,IGM,{}
126,2025-09-08 19:40:00.551 +0300,2025-09-08 19:40:00.551 +0300,InCodeWeTrust,{}
129,2025-09-09 12:36:35.380 +0300,2025-09-09 12:36:35.380 +0300,TokenSpot,{}
130,2025-09-09 14:37:01.245 +0300,2025-09-09 14:37:01.245 +0300,SoftJet,{}
137,2025-09-10 11:49:58.493 +0300,2025-09-10 11:49:58.493 +0300,ATI.SU,{}
139,2025-09-10 12:52:45.559 +0300,2025-09-10 12:52:45.559 +0300,Ostrovok,{}
120,2025-09-05 18:01:55.397 +0300,2025-09-12 15:09:03.339 +0300,SberMed,{Sbermed}
135,2025-09-09 20:52:38.364 +0300,2025-09-26 08:43:18.860 +0300,Aviata,{AVIATA}
123,2025-09-08 13:17:49.237 +0300,2025-10-28 13:20:59.106 +0300,High Sky,{HighSky}
146,2025-09-10 22:25:01.912 +0300,2025-11-17 19:07:24.379 +0300,White code,"{White Code,white code}"
14,2025-08-04 01:21:33.990 +0300,2025-11-21 15:21:21.446 +0300,the_covert,"{The_Covert,the covert}"
133,2025-09-09 16:45:45.183 +0300,2026-01-22 00:09:29.518 +0300,"85 Тех",{85 тех}
32,2025-08-20 18:39:04.315 +0300,2026-02-07 10:18:58.142 +0300,Шереметьево (Открытый код),"{Шереметьево,Шереметьево Открытый код,Шереметьево (Код Открытия),Шереметьево(открытый код),шереметьево,шереметьево (открытый код)}"
148,2025-09-11 12:07:01.588 +0300,2026-03-03 14:59:29.416 +0300,Мегафон,{мегафон}
127,2025-09-08 19:42:55.974 +0300,2026-04-02 11:31:21.262 +0300,UmbrellaIT,"{umbrellait,umbrella it}"
80,2025-08-26 13:01:16.600 +0300,2025-09-08 19:53:48.576 +0300,ИП Шатаев Андрей Васильевич,{ИП шатаев}
208,2025-09-28 20:18:28.101 +0300,2025-09-28 20:18:28.101 +0300,amoCRM,{}
149,2025-09-11 12:26:17.075 +0300,2025-09-11 12:26:17.075 +0300,fom group,{}
151,2025-09-11 13:28:37.769 +0300,2025-09-11 13:28:37.769 +0300,AdRiver,{}
155,2025-09-11 16:30:17.697 +0300,2025-09-11 16:30:17.697 +0300,Codex,{}
159,2025-09-15 13:42:37.889 +0300,2025-09-15 13:42:37.889 +0300,VisionLabs,{}
209,2025-09-29 10:46:07.846 +0300,2025-09-29 10:46:07.846 +0300,MCDis,{}
161,2025-09-16 11:29:17.689 +0300,2025-09-16 11:29:17.689 +0300,Гео-проект,{}
158,2025-09-12 20:50:42.690 +0300,2025-12-19 14:16:37.707 +0300,Первый бит,{первый бит}
164,2025-09-16 16:27:32.324 +0300,2025-09-16 16:27:32.324 +0300,SMENA,{}
195,2025-09-24 18:48:26.892 +0300,2025-11-18 17:27:54.550 +0300,ДАЛЕЕ,{Дип Диджитал}
166,2025-09-17 11:54:45.084 +0300,2025-09-17 11:54:45.084 +0300,Allio,{}
167,2025-09-17 17:47:06.352 +0300,2025-09-17 17:47:06.352 +0300,Spice IT,{}
162,2025-09-16 12:25:47.535 +0300,2025-09-18 13:42:46.833 +0300,Kostyl works,{Kostyl Works}
171,2025-09-18 17:13:11.601 +0300,2025-09-18 17:13:11.601 +0300,Data World,{}
172,2025-09-18 17:21:29.580 +0300,2025-09-18 17:21:29.580 +0300,ICL Soft,{}
175,2025-09-18 19:49:51.150 +0300,2025-09-18 19:49:51.150 +0300,ВЕБ-инфрастуктура,{}
177,2025-09-18 20:01:57.229 +0300,2025-09-18 20:01:57.229 +0300,CONSORT TAS,{}
179,2025-09-18 21:15:47.263 +0300,2025-09-18 21:15:47.263 +0300,JetTon,{}
180,2025-09-19 09:37:06.486 +0300,2025-09-19 09:37:06.486 +0300,Legend group,{}
181,2025-09-19 11:10:51.251 +0300,2025-09-19 11:10:51.251 +0300,СберСпасибо,{}
210,2025-09-29 14:38:04.782 +0300,2025-09-29 14:38:04.782 +0300,Курьер Дисконт М,{}
183,2025-09-19 17:46:22.406 +0300,2025-09-19 17:46:22.406 +0300,Автономные технологии,{}
157,2025-09-12 13:32:32.002 +0300,2025-10-29 16:07:29.407 +0300,Cloud.ru,"{cloud.ru,cloud,cloud ru}"
150,2025-09-11 12:30:15.725 +0300,2026-04-23 17:21:50.493 +0300,Айтеко,{айтеко}
182,2025-09-19 12:40:29.979 +0300,2025-09-22 13:00:18.701 +0300,IRLIX аутстафф,{IRLIX}
186,2025-09-23 07:16:57.918 +0300,2025-09-23 07:16:57.918 +0300,Элстар,{}
187,2025-09-23 13:51:27.324 +0300,2025-09-23 13:51:27.324 +0300,газпром,{}
15,2025-08-05 11:40:56.144 +0300,2025-09-23 17:49:27.764 +0300,т-банк,"{тбанк,Т-банк,т банк,Тбанк,Т-ба}"
189,2025-09-23 17:55:35.592 +0300,2025-09-23 17:55:35.592 +0300,Все адвокаты,{}
156,2025-09-11 20:14:52.470 +0300,2025-09-23 19:11:16.811 +0300,сбербанк,{Сбербанк}
170,2025-09-18 13:02:27.493 +0300,2025-09-23 22:36:27.023 +0300,METASCAN,{metascan}
190,2025-09-24 12:02:42.899 +0300,2025-09-24 12:02:42.899 +0300,БРИКСО,{}
193,2025-09-24 16:14:32.493 +0300,2025-09-24 16:54:36.179 +0300,ВСК САО,{ВСК}
194,2025-09-24 17:50:05.866 +0300,2025-09-24 17:50:05.866 +0300,линсофтверпродакшн,{}
197,2025-09-25 14:16:35.484 +0300,2025-09-25 14:16:35.484 +0300,usetech,{}
198,2025-09-25 15:00:34.339 +0300,2025-09-25 15:00:34.339 +0300,inspector Cloud,{}
201,2025-09-26 13:31:21.018 +0300,2025-09-26 13:31:21.018 +0300,Teamidea,{}
144,2025-09-10 21:18:24.779 +0300,2026-03-03 11:32:53.578 +0300,Lachevsky Group,"{lachevsky group,lachevsky}"
203,2025-09-26 15:04:42.798 +0300,2025-09-26 15:04:42.798 +0300,"2UP",{}
205,2025-09-26 17:21:54.141 +0300,2025-09-26 17:21:54.141 +0300,Тензор,{}
206,2025-09-26 17:28:57.106 +0300,2025-09-26 17:28:57.106 +0300,университет ИТМО,{}
207,2025-09-26 17:55:12.578 +0300,2025-09-26 17:55:12.578 +0300,Атом Безопасность,{}
97,2025-09-02 14:05:13.937 +0300,2026-03-12 22:30:14.746 +0300,райффайзен,"{райф,Райфайзен,Райффайзен,райфайзен,Райф,райфайзенбанк}"
213,2025-09-30 20:56:57.410 +0300,2025-09-30 20:56:57.410 +0300,Медиалогия,{}
217,2025-10-01 16:03:51.753 +0300,2025-10-01 16:03:51.753 +0300,CORE,{}
218,2025-10-01 18:21:24.972 +0300,2025-10-01 18:21:24.972 +0300,Employcity,{}
219,2025-10-02 11:53:19.267 +0300,2025-10-02 11:53:19.267 +0300,VS Robotics,{}
221,2025-10-02 14:47:21.071 +0300,2025-10-02 14:47:21.071 +0300,окко,{}
222,2025-10-02 14:52:32.936 +0300,2025-10-02 17:11:27.404 +0300,Innovative People,{innov}
223,2025-10-02 17:21:07.413 +0300,2025-10-02 17:21:07.413 +0300,GSL Law & Consulting,{}
224,2025-10-02 17:54:16.768 +0300,2025-10-02 17:54:16.768 +0300,Ximi Lab,{}
225,2025-10-03 14:16:25.921 +0300,2025-10-03 14:16:25.921 +0300,Manzanagroup,{}
226,2025-10-03 14:22:07.499 +0300,2025-10-03 14:22:07.499 +0300,Talantix,{}
227,2025-10-03 15:21:15.687 +0300,2025-10-03 15:21:15.687 +0300,tutu,{}
228,2025-10-03 15:27:27.448 +0300,2025-10-03 15:27:27.448 +0300,SL Soft,{}
214,2025-10-01 12:12:35.385 +0300,2025-10-16 14:50:41.746 +0300,Бюро 1440,"{бюро,Бюро,бюро 1440}"
121,2025-09-05 18:03:38.309 +0300,2025-10-28 17:16:58.509 +0300,NtechLab,"{Ntechlab,ntechlab,Nedra}"
104,2025-09-03 18:13:42.641 +0300,2025-10-14 13:31:55.315 +0300,Сбер для экспертов,"{Сбер,сбер для экспертов}"
176,2025-09-18 19:55:04.540 +0300,2025-10-15 20:00:11.210 +0300,юзтех,{ЮЗТЕХ}
212,2025-09-30 16:11:33.720 +0300,2025-10-24 20:51:37.224 +0300,OSLA,{Osla}
153,2025-09-11 13:45:34.159 +0300,2026-06-06 01:09:27.774 +0300,Brandquad,"{brandquad,bradquot}"
160,2025-09-15 20:26:21.647 +0300,2025-11-19 17:58:26.721 +0300,Мечел,{мечел}
143,2025-09-10 18:02:38.130 +0300,2025-12-12 16:50:48.915 +0300,БАЗИС,"{Базис,базис}"
216,2025-10-01 14:29:23.686 +0300,2025-12-05 17:47:36.543 +0300,Авито,{avito}
173,2025-09-18 18:29:50.900 +0300,2025-12-08 13:23:44.555 +0300,ООО Платформа Трим,{ооо платформа трим}
192,2025-09-24 15:26:49.099 +0300,2026-03-18 14:16:33.298 +0300,Бэлл интегратор,"{Бэлл,Бэлл Интегратор,bell integrator,белл интегратор}"
122,2025-09-08 12:52:45.487 +0300,2026-02-13 21:45:52.880 +0300,Точка,"{точка,точка банк}"
215,2025-10-01 13:16:33.474 +0300,2026-03-11 18:01:05.653 +0300,Snap IT,"{SNAP IT,snap it,snapit}"
174,2025-09-18 19:42:16.989 +0300,2026-02-19 16:43:50.164 +0300,Санлайт,{санлайт}
163,2025-09-16 14:50:44.178 +0300,2026-02-27 11:47:05.610 +0300,РТ Лабс,"{РТЛабс,рт лабс,ртлабс}"
147,2025-09-11 11:50:29.629 +0300,2026-03-09 20:31:26.278 +0300,it one,"{it_one,it-one}"
169,2025-09-17 20:57:23.327 +0300,2026-04-27 18:35:31.054 +0300,Айти бастион,{ак}
191,2025-09-24 12:45:28.791 +0300,2026-05-16 12:57:02.721 +0300,Koronatech,"{koronatech,korona}"
211,2025-09-29 23:44:18.914 +0300,2026-06-23 19:42:48.659 +0300,М.Видео-Эльдорадо,{м видео}
152,2025-09-11 13:39:25.467 +0300,2026-07-24 16:18:46.954 +0300,Озон,"{ozon.tech,ozon банк}"
229,2025-10-04 14:04:08.641 +0300,2025-10-04 14:04:08.641 +0300,InsiderLabs,{}
231,2025-10-06 15:58:58.462 +0300,2025-10-06 15:58:58.462 +0300,Standfin,{}
204,2025-09-26 16:08:28.310 +0300,2025-10-07 11:02:43.478 +0300,монитор софт,{монитор}
234,2025-10-07 15:15:45.543 +0300,2025-10-07 15:15:45.543 +0300,CoIT,{}
236,2025-10-07 17:14:26.452 +0300,2025-10-07 17:14:26.452 +0300,Лоция,{}
238,2025-10-08 13:28:12.594 +0300,2025-10-08 13:28:12.594 +0300,IT-Thematic,{}
239,2025-10-09 14:47:56.326 +0300,2025-10-09 14:47:56.326 +0300,ИВИ,{}
240,2025-10-09 16:40:01.548 +0300,2025-10-09 16:40:01.548 +0300,"Инновационного центра ""Безопасный транспорт""",{}
241,2025-10-09 17:00:32.924 +0300,2025-10-09 17:00:32.924 +0300,иннополис,{}
242,2025-10-09 17:59:05.981 +0300,2025-10-09 17:59:05.981 +0300,ООО АБТ,{}
243,2025-10-09 18:23:42.853 +0300,2025-10-09 18:23:42.853 +0300,Купикод,{}
244,2025-10-09 18:26:22.077 +0300,2025-10-09 18:26:22.077 +0300,Dataspike,{}
246,2025-10-10 12:08:04.293 +0300,2025-10-10 12:08:04.293 +0300,АБК / VS Robotics,{}
249,2025-10-10 15:33:47.144 +0300,2025-10-10 15:33:47.144 +0300,firecode,{}
251,2025-10-13 15:32:47.375 +0300,2025-10-13 15:33:12.599 +0300,РИА Новости,{РИА}
252,2025-10-13 17:31:22.518 +0300,2025-10-13 17:31:22.518 +0300,ГК Митчел,{}
253,2025-10-13 18:42:51.521 +0300,2025-10-13 18:42:51.521 +0300,Leads,{}
254,2025-10-14 13:17:45.540 +0300,2025-10-14 13:17:45.540 +0300,Апартмент Системс,{}
295,2025-10-23 14:27:41.821 +0300,2025-10-23 14:27:41.821 +0300,Вертикаль,{}
255,2025-10-14 13:31:26.348 +0300,2025-10-14 13:31:26.348 +0300,devhunt,{}
258,2025-10-15 11:37:51.774 +0300,2025-10-15 11:37:51.774 +0300,Детский хоспис Дом с маяком,{}
259,2025-10-15 11:42:36.201 +0300,2025-10-15 11:42:36.201 +0300,ГК Пионер,{}
261,2025-10-15 12:25:29.961 +0300,2025-10-15 12:25:29.961 +0300,ООО HeadHunter,{}
285,2025-10-20 17:25:48.837 +0300,2026-04-28 15:44:14.435 +0300,НТВ,{нтв}
263,2025-10-15 16:42:42.697 +0300,2025-10-15 16:42:42.697 +0300,stellar card,{}
264,2025-10-15 19:53:34.749 +0300,2025-10-15 19:53:34.749 +0300,Гибрид,{}
266,2025-10-16 15:54:39.687 +0300,2025-10-16 15:54:39.687 +0300,Холдем,{}
267,2025-10-16 16:00:41.900 +0300,2025-10-16 16:00:41.900 +0300,ГРЧЦ,{}
270,2025-10-16 19:41:47.990 +0300,2025-10-16 19:41:47.990 +0300,ООО Р-Вижн,{}
273,2025-10-17 10:52:28.318 +0300,2025-10-17 10:52:28.318 +0300,Градус,{}
274,2025-10-17 11:43:59.747 +0300,2025-10-17 11:43:59.747 +0300,газпром мобильные компрессорные станции,{}
296,2025-10-23 14:30:54.157 +0300,2025-10-23 14:30:54.157 +0300,Evrone,{}
275,2025-10-17 12:16:40.077 +0300,2025-10-17 12:16:40.077 +0300,SkillStaff,{}
271,2025-10-16 20:18:44.985 +0300,2025-10-17 13:00:14.895 +0300,БИОС,{биос}
276,2025-10-17 13:41:46.661 +0300,2025-10-17 13:41:46.661 +0300,Betby,{}
278,2025-10-17 17:08:34.242 +0300,2025-10-17 17:08:34.242 +0300,"ООО ""Платежное решение""",{}
279,2025-10-17 17:34:53.830 +0300,2025-10-17 17:34:53.830 +0300,Extyl,{}
280,2025-10-18 11:20:33.677 +0300,2025-10-18 11:20:33.677 +0300,ООО 1С-КПД,{}
281,2025-10-18 11:28:52.226 +0300,2025-10-18 11:28:52.226 +0300,RedLab,{}
202,2025-09-26 15:04:01.545 +0300,2025-10-18 12:38:18.647 +0300,PESCO Information Technologies,"{PESCO,Pesco,pesco}"
283,2025-10-20 16:53:35.263 +0300,2025-10-20 16:53:35.263 +0300,Rubytech,{}
291,2025-10-22 11:42:47.085 +0300,2025-12-18 18:00:13.087 +0300,HolyWeb,{holyweb}
289,2025-10-21 18:55:02.725 +0300,2025-10-21 18:55:02.725 +0300,Русклимат,{}
290,2025-10-21 19:09:02.981 +0300,2025-10-21 19:09:02.981 +0300,Сколтех,{}
256,2025-10-14 16:34:12.383 +0300,2025-12-08 17:38:36.336 +0300,Алабуга,{алабуга}
286,2025-10-21 15:11:07.696 +0300,2026-04-16 15:25:15.753 +0300,Freedom Lifestyle,{freedom lifestyle}
233,2025-10-07 12:26:18.592 +0300,2026-02-19 13:51:05.028 +0300,ДелоТех,{delotech}
298,2025-10-23 14:56:14.667 +0300,2025-10-23 14:56:14.667 +0300,ООО РА Дельта,{}
300,2025-10-23 15:37:22.878 +0300,2025-10-23 15:37:22.878 +0300,domeo,{}
301,2025-10-23 15:55:35.892 +0300,2025-10-23 15:55:35.892 +0300,Глобал Консалтинг Групп,{}
302,2025-10-23 17:00:30.974 +0300,2025-10-23 17:00:30.974 +0300,GigaChat,{}
304,2025-10-24 11:30:38.582 +0300,2025-10-24 11:30:38.582 +0300,Rambler&CO,{}
305,2025-10-24 12:45:21.123 +0300,2025-10-24 12:45:21.123 +0300,Госуслуги,{}
306,2025-10-24 13:24:53.212 +0300,2025-10-24 13:24:53.212 +0300,Philip Morris,{}
307,2025-10-24 14:13:22.691 +0300,2025-10-24 14:13:22.691 +0300,фингуляр,{}
260,2025-10-15 12:18:56.182 +0300,2025-10-24 20:47:34.158 +0300,"8labs",{8Labs}
308,2025-10-25 00:32:52.913 +0300,2025-10-25 00:32:52.913 +0300,Zavod Games,{}
309,2025-10-25 00:36:11.517 +0300,2025-10-25 00:36:11.517 +0300,ООО Монитор Софт,{}
311,2025-10-25 00:42:33.341 +0300,2025-10-25 00:42:33.341 +0300,Raft,{}
315,2025-10-27 17:58:43.430 +0300,2025-10-27 17:58:43.430 +0300,MVP Project,{}
293,2025-10-23 14:17:13.408 +0300,2025-10-31 10:55:05.205 +0300,WILIX,{wilix}
230,2025-10-06 12:38:49.888 +0300,2025-10-31 11:41:45.325 +0300,Экопси,{ЭКОПСИ}
262,2025-10-15 12:59:14.520 +0300,2025-11-24 16:07:32.912 +0300,Красное & Белое,{Красное и белое}
268,2025-10-16 18:14:39.312 +0300,2025-12-08 13:52:17.725 +0300,FIX,{fix}
299,2025-10-23 15:23:03.128 +0300,2026-03-20 14:48:12.725 +0300,MAGNIT TECH,"{magnit tech,магнит tech}"
257,2025-10-15 11:34:20.678 +0300,2026-06-05 15:37:10.096 +0300,VICTORY group,{victor}
310,2025-10-25 00:40:10.680 +0300,2026-01-15 19:49:34.076 +0300,TargetADS,{таргет адс}
245,2025-10-09 18:34:27.187 +0300,2025-12-12 20:11:42.903 +0300,Тс Табрис,"{Табрис,ТС Табрис,табрис}"
287,2025-10-21 16:47:05.802 +0300,2025-12-25 16:54:02.703 +0300,aston,{астон}
277,2025-10-17 13:53:25.228 +0300,2026-03-02 12:43:42.549 +0300,AYA Group,{aya group}
297,2025-10-23 14:31:17.067 +0300,2026-03-07 20:40:34.949 +0300,HR Mosaic,"{HR,hr-mosaic,hr mosaic}"
265,2025-10-15 20:10:03.526 +0300,2026-04-02 17:42:32.741 +0300,Дивергент,"{дивергент,дивиргент}"
250,2025-10-12 11:07:37.620 +0300,2026-03-25 13:20:42.695 +0300,Рунити,{рунити}
292,2025-10-23 12:37:25.894 +0300,2026-04-08 10:03:19.080 +0300,Тим Форс,"{ТИМ ФОРС,тим форс}"
199,2025-09-26 12:45:00.698 +0300,2026-05-14 17:30:35.614 +0300,Лига цифровой экономики,"{Лига Цифровой Эко,Лига Цифровой Экономики,лига цифровой экономики,лига цифровой,лиги цифровой экономики}"
312,2025-10-25 12:49:04.345 +0300,2025-10-25 12:49:04.345 +0300,SSP SOFT,{}
319,2025-10-28 12:37:09.183 +0300,2025-10-28 12:37:09.183 +0300,РВД Инфосистемы,{}
303,2025-10-23 21:16:19.051 +0300,2025-10-27 16:17:36.366 +0300,Магнит,{магнит}
317,2025-10-27 23:30:18.517 +0300,2025-10-27 23:30:18.517 +0300,Okko,{}
316,2025-10-27 23:23:18.843 +0300,2025-12-09 15:45:06.490 +0300,NUTSon,{nutson}
313,2025-10-27 11:52:39.684 +0300,2025-12-15 21:54:29.765 +0300,Эвотор,{эвотор}
314,2025-10-27 13:56:42.840 +0300,2025-10-27 13:56:42.840 +0300,СК Ренесанс жизнь,{}
320,2025-10-28 13:05:14.850 +0300,2025-10-28 13:05:14.850 +0300,Insight AI,{}
323,2025-10-28 16:53:22.932 +0300,2025-10-28 16:53:22.932 +0300,Первый ОФД,{}
324,2025-10-28 17:19:14.459 +0300,2025-10-28 17:19:14.459 +0300,Nedra Digital,{}
326,2025-10-29 15:02:41.964 +0300,2025-10-29 15:02:41.964 +0300,MegaPari,{}
327,2025-10-29 17:29:01.961 +0300,2025-10-29 17:29:01.961 +0300,addbro,{}
237,2025-10-08 11:56:33.521 +0300,2025-10-29 17:51:30.541 +0300,Промсвязьбанк,"{псб,ПромСвязьБанк,Псб}"
329,2025-10-30 15:26:05.505 +0300,2025-10-30 15:26:05.505 +0300,МегаПари,{}
330,2025-10-31 12:54:02.300 +0300,2025-10-31 12:54:02.300 +0300,ТАРГЕТ АДС,{}
334,2025-11-01 12:52:23.811 +0300,2025-11-01 12:52:23.811 +0300,Умскул,{}
336,2025-11-01 14:47:21.494 +0300,2025-11-01 14:47:21.494 +0300,Акцент,{}
337,2025-11-04 16:43:07.221 +0300,2025-11-04 16:43:07.221 +0300,zGroup-IT,{}
341,2025-11-06 16:12:02.885 +0300,2025-11-06 16:12:02.885 +0300,Островок,{}
342,2025-11-06 16:24:20.237 +0300,2025-11-06 16:24:20.237 +0300,КОД9,{}
345,2025-11-07 12:58:52.576 +0300,2025-11-07 12:58:52.576 +0300,Честный Знак,{}
346,2025-11-07 13:55:41.638 +0300,2025-11-07 13:55:41.638 +0300,Диджитал Сектор,{}
347,2025-11-07 17:28:02.371 +0300,2025-11-07 17:28:02.371 +0300,Бизнес Успех,{}
333,2025-10-31 21:46:27.471 +0300,2025-11-07 17:35:18.373 +0300,АФЛТ-Системс,{АФЛТ}
348,2025-11-10 15:45:18.290 +0300,2025-11-10 15:45:18.290 +0300,Swiss Group,{}
352,2025-11-10 17:18:26.102 +0300,2025-11-10 17:18:26.102 +0300,Айкон Про,{}
353,2025-11-10 17:49:01.456 +0300,2025-11-10 17:49:01.456 +0300,Джаст Ит,{}
355,2025-11-12 10:22:16.734 +0300,2025-11-12 10:22:16.734 +0300,Sibedge,{}
357,2025-11-12 17:16:51.224 +0300,2025-11-12 17:16:51.224 +0300,ГК АСК,{}
358,2025-11-12 17:43:28.413 +0300,2025-11-12 17:43:28.413 +0300,АйСи Инвест,{}
359,2025-11-13 14:39:19.763 +0300,2025-11-13 14:39:19.763 +0300,Rocket Science,{}
360,2025-11-13 17:25:31.622 +0300,2025-11-13 17:25:31.622 +0300,Starter,{}
361,2025-11-13 17:47:03.207 +0300,2025-11-13 17:47:03.207 +0300,Оулс Груп,{}
362,2025-11-13 17:56:33.556 +0300,2025-11-13 17:56:33.556 +0300,Spotrise.AI,{}
363,2025-11-13 18:33:36.087 +0300,2025-11-13 18:33:36.087 +0300,ДОСТАЕВСКИЙ,{}
331,2025-10-31 16:17:06.696 +0300,2025-12-17 15:24:02.698 +0300,БКС,{бкс}
338,2025-11-06 11:05:23.364 +0300,2025-12-22 00:30:24.350 +0300,Napoleon IT,{napoleon it}
288,2025-10-21 18:11:47.313 +0300,2025-11-17 14:58:10.615 +0300,Ренессанс жизнь,"{Ренессанс,Ренесанс}"
369,2025-11-17 17:22:58.767 +0300,2025-11-17 17:22:58.767 +0300,АстраЗенека,{}
339,2025-11-06 14:11:01.998 +0300,2025-11-17 19:20:45.637 +0300,Kodland,{kodland}
373,2025-11-18 21:34:38.929 +0300,2025-11-18 21:34:38.929 +0300,Peers Recruitment,{}
343,2025-11-07 10:53:49.617 +0300,2025-11-19 14:18:02.588 +0300,Wildbox,{willdberis}
374,2025-11-19 16:21:05.652 +0300,2025-11-19 16:21:05.652 +0300,BSS,{}
376,2025-11-19 18:51:24.017 +0300,2025-11-19 18:51:24.017 +0300,CHOICEIT,{}
378,2025-11-20 10:50:45.320 +0300,2025-11-20 10:50:45.320 +0300,Metascan,{}
379,2025-11-20 14:26:37.916 +0300,2025-11-20 14:26:37.916 +0300,Reactive Phone,{}
381,2025-11-20 17:14:16.340 +0300,2025-11-20 17:14:16.340 +0300,Департамент Здравоохранения Москвы,{}
384,2025-11-21 14:31:25.762 +0300,2025-11-21 14:31:25.762 +0300,FunFlow,{}
385,2025-11-23 17:19:05.011 +0300,2025-11-23 17:19:05.011 +0300,Timeweb Cloud,{}
386,2025-11-24 17:45:03.493 +0300,2025-11-24 17:45:03.493 +0300,ru.shopping,{}
387,2025-11-24 17:55:05.441 +0300,2025-11-24 17:55:05.441 +0300,Тантор,{}
393,2025-11-25 16:37:40.002 +0300,2025-11-25 16:37:40.002 +0300,АЦ ТЭК,{}
394,2025-11-25 16:44:58.748 +0300,2025-11-25 16:44:58.748 +0300,Outtech,{}
380,2025-11-20 16:49:28.794 +0300,2025-11-26 19:09:27.893 +0300,Beeline,{билайн}
383,2025-11-21 13:17:11.737 +0300,2026-06-23 19:07:41.168 +0300,Аэродиск,{аэродиск}
382,2025-11-20 18:03:02.636 +0300,2025-12-02 12:12:24.943 +0300,Нейросетевые решения,{Нейросетевые}
398,2025-12-02 13:13:05.750 +0300,2025-12-02 13:13:05.750 +0300,Строительный Двор,{}
388,2025-11-24 17:57:35.512 +0300,2025-12-02 13:20:57.916 +0300,ТехноДиасофт,{Технодиасофт}
400,2025-12-03 12:52:34.262 +0300,2025-12-03 12:52:34.262 +0300,НСК,{}
401,2025-12-03 17:24:13.420 +0300,2025-12-03 17:24:13.420 +0300,Getmobit,{}
402,2025-12-03 17:58:18.484 +0300,2025-12-03 17:58:18.484 +0300,Stroki,{}
404,2025-12-04 15:14:41.925 +0300,2025-12-04 15:14:41.925 +0300,Просвещение,{}
399,2025-12-02 15:34:20.408 +0300,2025-12-09 15:05:30.164 +0300,Wiren Board,{wiren board}
321,2025-10-28 15:08:55.904 +0300,2025-12-12 15:31:27.401 +0300,Яндекс Еда/Лавка,{яндекс еда}
328,2025-10-30 12:43:51.389 +0300,2026-02-25 15:57:11.419 +0300,Бета-тест,{бета-тест}
269,2025-10-16 19:15:16.829 +0300,2025-12-15 13:45:03.982 +0300,ЦУПИС,"{Цупис,цупис}"
370,2025-11-17 17:51:15.395 +0300,2025-12-15 17:13:31.693 +0300,Фаст Софт,"{Фаст-Софт,фаст софт}"
332,2025-10-31 21:43:51.803 +0300,2026-03-19 15:24:09.238 +0300,Fingular,{fingular}
367,2025-11-14 14:19:04.297 +0300,2025-12-18 16:01:27.053 +0300,RUTUBE,"{rutube,рутуб}"
391,2025-11-25 14:12:31.308 +0300,2025-12-23 16:56:48.108 +0300,Tevian,{tevian}
318,2025-10-28 10:58:08.802 +0300,2026-06-19 10:21:39.976 +0300,LuckyGroup,"{lucky groop,luckygroup}"
396,2025-11-28 14:44:21.920 +0300,2026-01-22 20:50:41.210 +0300,Цифровой семейный офис,{цифровой семейный офис}
340,2025-11-06 14:13:36.271 +0300,2026-02-03 16:22:21.236 +0300,MWS AI,{mtc}
366,2025-11-14 14:14:56.181 +0300,2026-02-08 11:28:54.498 +0300,Bcraft,{bcraft}
356,2025-11-12 11:44:48.660 +0300,2026-02-09 14:16:54.572 +0300,Стрит Фалькон,{стрит фалькон}
350,2025-11-10 15:57:24.247 +0300,2026-02-10 16:50:42.753 +0300,Вулкан,{вулкан}
368,2025-11-15 17:48:25.337 +0300,2026-02-12 19:08:52.982 +0300,Компэл,{компэл}
403,2025-12-04 13:38:38.295 +0300,2026-02-13 17:30:24.544 +0300,Evocargo,"{evocargo,evocargо}"
389,2025-11-24 19:21:52.224 +0300,2026-02-17 19:11:40.391 +0300,Открытые решения,{открытые решения}
325,2025-10-29 13:01:04.981 +0300,2026-02-19 16:41:51.651 +0300,Старт,{start}
390,2025-11-24 19:29:04.634 +0300,2026-02-19 17:40:06.026 +0300,Консультант плюс,{консультант плюс}
372,2025-11-18 18:33:33.941 +0300,2026-02-26 08:34:48.301 +0300,РУСАЛ,{русал}
322,2025-10-28 15:46:14.362 +0300,2026-03-02 10:21:43.463 +0300,ewa,{ewa learn languages}
375,2025-11-19 18:34:26.207 +0300,2026-03-24 13:37:10.731 +0300,Eqvilent,{eqvilent}
354,2025-11-11 13:52:12.088 +0300,2026-05-04 18:41:14.421 +0300,Wlldberries,"{Wildberries,wb,wildberries,wild}"
405,2025-12-04 16:36:18.497 +0300,2025-12-04 16:36:18.497 +0300,ITS,{}
410,2025-12-05 11:37:41.841 +0300,2025-12-05 11:37:41.841 +0300,simbirsoft,{}
407,2025-12-04 17:04:12.765 +0300,2025-12-10 14:24:09.387 +0300,ФАУ «ГосНИИАС»,"{фау «госнииас»,фау,ф}"
409,2025-12-04 20:41:12.839 +0300,2026-02-24 16:35:44.160 +0300,Фабрика Решений,{фабрика решений}
85,2025-08-26 16:41:06.447 +0300,2026-05-04 13:45:16.775 +0300,Безопасный транспорт,"{безопасн,Безопасный транспот,безопасный транспорт,безопасный}"
411,2025-12-05 15:12:09.570 +0300,2025-12-05 15:12:09.570 +0300,антиплагиат,{}
412,2025-12-05 17:40:46.673 +0300,2025-12-05 17:40:46.673 +0300,ооо фортуна айти,{}
395,2025-11-25 17:04:37.792 +0300,2025-12-05 21:00:43.130 +0300,Магнус Тех,{магнус}
413,2025-12-08 13:36:15.035 +0300,2025-12-08 13:36:15.035 +0300,реверслаб,{}
200,2025-09-26 12:51:30.869 +0300,2025-12-08 15:02:25.226 +0300,Lamoda,"{ламода,lamoda}"
414,2025-12-08 15:10:13.593 +0300,2025-12-08 15:10:13.593 +0300,ylab,{}
415,2025-12-08 15:53:00.778 +0300,2025-12-08 15:53:00.778 +0300,ооо нейросетевые решения,{}
416,2025-12-08 18:54:22.270 +0300,2025-12-08 18:54:22.270 +0300,procatt,{}
417,2025-12-09 11:44:18.465 +0300,2025-12-09 11:44:18.465 +0300,эвокарго,{}
418,2025-12-09 12:07:13.401 +0300,2025-12-09 12:07:13.401 +0300,the бык,{}
392,2025-11-25 16:34:15.547 +0300,2025-12-09 13:00:13.466 +0300,Яндекс.Go,"{яндекс go,яндекс.go}"
419,2025-12-09 14:01:51.413 +0300,2025-12-09 14:01:51.413 +0300,оптима кубань,{}
420,2025-12-09 17:12:26.444 +0300,2025-12-09 17:12:26.444 +0300,ооо кучер кулешов максименко,{}
421,2025-12-09 18:29:16.478 +0300,2025-12-09 18:29:16.478 +0300,крок,{}
422,2025-12-10 15:07:39.204 +0300,2025-12-10 15:07:39.204 +0300,новео,{}
423,2025-12-10 16:51:57.484 +0300,2025-12-10 16:51:57.484 +0300,ооо ред софт,{}
351,2025-11-10 16:58:16.630 +0300,2025-12-10 17:31:01.847 +0300,профи.he,"{профи,профи.ру}"
424,2025-12-11 13:19:33.436 +0300,2025-12-11 13:19:33.436 +0300,globerce,{}
425,2025-12-11 16:36:05.559 +0300,2025-12-11 16:36:05.559 +0300,авеста фармацевтика,{}
427,2025-12-11 18:05:35.695 +0300,2025-12-11 18:05:35.695 +0300,мтс веб сервисы,{}
428,2025-12-12 16:50:28.861 +0300,2025-12-12 16:50:28.861 +0300,сенла,{}
471,2026-01-19 09:39:57.654 +0300,2026-01-19 09:39:57.654 +0300,Базис айти,{}
408,2025-12-04 17:41:37.207 +0300,2025-12-15 09:04:18.243 +0300,ГК Литота,{гк литота}
430,2025-12-15 17:10:14.341 +0300,2025-12-15 17:10:14.341 +0300,productive heads,{}
431,2025-12-15 21:06:47.492 +0300,2025-12-15 21:07:08.916 +0300,московский метрополитен,{метро}
432,2025-12-15 22:00:09.982 +0300,2025-12-15 22:00:09.982 +0300,сбердевайсы,{}
434,2025-12-16 11:29:38.443 +0300,2025-12-16 11:29:38.443 +0300,вгтрк,{}
435,2025-12-16 13:05:11.424 +0300,2025-12-16 13:05:11.424 +0300,вебим,{}
436,2025-12-16 15:29:55.145 +0300,2025-12-16 15:29:55.145 +0300,окто,{}
437,2025-12-16 17:46:39.618 +0300,2025-12-16 17:46:39.618 +0300,stone,{}
439,2025-12-17 18:12:40.894 +0300,2025-12-17 18:12:40.894 +0300,bboom,{}
440,2025-12-17 20:40:03.072 +0300,2025-12-17 20:40:03.072 +0300,ккмп,{}
441,2025-12-18 03:38:09.228 +0300,2025-12-18 03:38:09.228 +0300,сергей сбитнев,{}
442,2025-12-18 11:34:37.822 +0300,2025-12-18 11:34:37.822 +0300,ао банка синара,{}
438,2025-12-17 09:48:44.698 +0300,2025-12-18 17:00:21.642 +0300,hintit,"{huntit,hintit}"
443,2025-12-19 14:53:54.248 +0300,2025-12-19 14:53:54.248 +0300,тензор,{}
444,2025-12-19 15:39:18.684 +0300,2025-12-19 15:39:18.684 +0300,saber interactive,{}
446,2025-12-22 00:37:06.853 +0300,2025-12-22 00:37:06.853 +0300,синергия,{}
364,2025-11-13 21:34:51.121 +0300,2025-12-24 13:43:41.073 +0300,Гарда капитал,{гарда капитал}
445,2025-12-22 00:35:02.207 +0300,2025-12-24 16:43:46.836 +0300,tradingview,{транснефть}
447,2025-12-24 16:53:14.422 +0300,2025-12-24 16:53:14.422 +0300,эксперт инвест,{}
448,2025-12-26 13:50:48.955 +0300,2025-12-26 13:50:48.955 +0300,купер,{}
449,2025-12-26 14:34:31.488 +0300,2025-12-26 14:34:31.488 +0300,транснефть-технологии,{}
168,2025-09-17 17:59:20.162 +0300,2025-12-26 19:52:29.916 +0300,Яндекс Городские сервисы,"{Яндекс Городские Сервисы,Яндекс Городские,яндекс городские решения,яндекс городские сервисы}"
450,2026-01-08 23:15:57.391 +0300,2026-01-08 23:15:57.391 +0300,Sapience Solutions,{}
451,2026-01-08 23:17:45.833 +0300,2026-01-08 23:17:45.833 +0300,Мечел-ИнфоТех,{}
452,2026-01-08 23:20:36.961 +0300,2026-01-08 23:20:36.961 +0300,ФМБА России,{}
453,2026-01-08 23:22:54.323 +0300,2026-01-08 23:22:54.323 +0300,Ами клиник сервер,{}
454,2026-01-08 23:30:39.740 +0300,2026-01-08 23:30:39.740 +0300,МТС,{}
455,2026-01-08 23:32:15.454 +0300,2026-01-08 23:32:15.454 +0300,Беттинг,{}
456,2026-01-08 23:37:06.241 +0300,2026-01-08 23:37:06.241 +0300,Филлип Моррис,{}
457,2026-01-08 23:48:35.910 +0300,2026-01-08 23:48:35.910 +0300,Admitad,{}
459,2026-01-09 00:27:39.962 +0300,2026-01-09 00:27:39.962 +0300,Клауд,{}
460,2026-01-09 00:47:39.836 +0300,2026-01-09 00:47:39.836 +0300,Retail Expert,{}
462,2026-01-12 12:29:55.096 +0300,2026-01-12 12:29:55.096 +0300,Кибертех,{}
463,2026-01-13 12:21:18.318 +0300,2026-01-13 12:21:18.318 +0300,пао московская биржа,{}
464,2026-01-14 10:39:21.784 +0300,2026-01-14 10:39:21.784 +0300,антара,{}
475,2026-01-19 18:25:33.505 +0300,2026-01-19 18:25:33.505 +0300,тантор лабс,{}
465,2026-01-14 17:35:38.896 +0300,2026-01-14 17:35:38.896 +0300,звук,{}
466,2026-01-16 12:40:05.385 +0300,2026-01-16 12:40:05.385 +0300,fintech solutions,{}
467,2026-01-16 16:06:21.599 +0300,2026-01-16 16:06:21.599 +0300,bi.zone,{}
468,2026-01-17 20:18:20.599 +0300,2026-01-17 20:18:20.599 +0300,repay,{}
469,2026-01-17 21:36:10.615 +0300,2026-01-17 21:36:10.615 +0300,нанософт,{}
470,2026-01-19 09:37:08.963 +0300,2026-01-19 09:37:08.963 +0300,Ацтек,{}
472,2026-01-19 11:26:13.971 +0300,2026-01-19 11:26:13.971 +0300,thesis,{}
473,2026-01-19 14:33:26.030 +0300,2026-01-19 14:33:26.030 +0300,сател,{}
474,2026-01-19 15:53:20.328 +0300,2026-01-19 15:53:20.328 +0300,клеверпарк,{}
461,2026-01-12 12:28:12.024 +0300,2026-01-19 17:07:25.300 +0300,R2C,"{r2c-технологии,r2c}"
476,2026-01-19 18:59:25.362 +0300,2026-01-19 18:59:25.362 +0300,hantix llc,{}
477,2026-01-19 20:25:01.646 +0300,2026-01-19 20:25:01.646 +0300,Sunlight,{}
478,2026-01-20 14:23:25.812 +0300,2026-01-20 14:23:25.812 +0300,thrive,{}
479,2026-01-20 14:34:43.342 +0300,2026-01-20 14:34:43.342 +0300,Сбердевайсы,{}
480,2026-01-20 15:42:50.350 +0300,2026-01-20 15:42:50.350 +0300,правительство москвы,{}
429,2025-12-14 20:48:49.145 +0300,2026-02-19 22:28:42.580 +0300,рсхб-интех,{рсхб}
426,2025-12-11 16:53:00.811 +0300,2026-02-05 10:24:01.937 +0300,match,"{match one,math}"
433,2025-12-15 22:11:47.182 +0300,2026-02-21 15:57:14.359 +0300,hands.ru,{hands}
566,2026-02-26 00:26:27.172 +0300,2026-02-26 00:26:27.172 +0300,нпо лавочкина,{}
567,2026-02-26 01:12:57.276 +0300,2026-02-26 01:12:57.276 +0300,senior soft,{}
568,2026-02-26 13:04:46.655 +0300,2026-02-26 13:04:46.655 +0300,киберлаб,{}
569,2026-02-26 15:07:42.555 +0300,2026-02-26 15:07:42.555 +0300,авиационные интерьеры,{}
570,2026-02-26 19:32:33.361 +0300,2026-02-26 19:32:33.361 +0300,контур,{}
406,2025-12-04 16:44:34.237 +0300,2026-03-06 17:09:31.354 +0300,fixprice,{fix price}
458,2026-01-09 00:06:11.552 +0300,2026-03-09 21:14:32.958 +0300,X5,{x5 group}
481,2026-01-20 18:55:58.760 +0300,2026-01-20 18:55:58.760 +0300,элемент,{}
482,2026-01-20 21:26:12.979 +0300,2026-01-20 21:26:12.979 +0300,Мвидео,{}
484,2026-01-21 13:40:15.065 +0300,2026-01-21 13:40:15.065 +0300,секвойя,{}
485,2026-01-22 14:37:24.676 +0300,2026-01-22 14:37:24.676 +0300,экспресс,{}
486,2026-01-23 02:34:40.707 +0300,2026-01-23 02:34:40.707 +0300,Золотая Корона,{}
487,2026-01-23 02:38:01.744 +0300,2026-01-23 02:38:01.744 +0300,ООО «Кибертех»,{}
483,2026-01-21 12:25:06.955 +0300,2026-01-23 12:06:19.313 +0300,амедитека,{амедиатека}
488,2026-01-23 16:09:02.550 +0300,2026-01-23 16:09:02.550 +0300,комус,{}
489,2026-01-23 17:31:09.273 +0300,2026-01-23 17:31:09.273 +0300,ibs,{}
490,2026-01-24 15:01:11.698 +0300,2026-01-24 15:01:11.698 +0300,verme,{}
284,2025-10-20 16:55:11.242 +0300,2026-02-19 15:13:02.278 +0300,Платежное решение,"{Платежное,Платежные,Платёжное Решение,платёжное решение,платежное решение}"
491,2026-01-26 15:21:59.288 +0300,2026-01-26 15:21:59.288 +0300,институт сетевых технологий,{}
492,2026-01-26 17:14:12.414 +0300,2026-01-26 17:14:12.414 +0300,сайтсофт,{}
493,2026-01-27 18:30:35.197 +0300,2026-01-27 18:30:35.197 +0300,ооо сапсан,{}
494,2026-01-28 15:52:43.958 +0300,2026-01-28 15:52:43.958 +0300,mains lab,{}
495,2026-01-28 16:46:25.839 +0300,2026-01-28 16:46:25.839 +0300,ex corp,{}
496,2026-01-28 16:47:16.379 +0300,2026-01-28 16:47:16.379 +0300,netbell,{}
497,2026-01-29 10:57:40.961 +0300,2026-01-29 10:57:40.961 +0300,мультифактор,{}
498,2026-01-29 13:47:56.848 +0300,2026-01-29 13:47:56.848 +0300,hands app,{}
499,2026-01-29 17:01:42.130 +0300,2026-01-29 17:01:42.130 +0300,эйч эйч эль,{}
500,2026-01-29 17:04:21.115 +0300,2026-01-29 17:04:21.115 +0300,finframe,{}
501,2026-01-29 19:54:07.078 +0300,2026-01-29 19:54:07.078 +0300,ао аст,{}
502,2026-01-29 20:24:57.975 +0300,2026-01-29 20:24:57.975 +0300,top selection,{}
503,2026-01-29 20:48:54.364 +0300,2026-01-29 20:48:54.364 +0300,proorder,{}
504,2026-01-29 21:52:37.292 +0300,2026-01-29 21:52:37.292 +0300,sheverev,{}
505,2026-01-30 11:51:51.104 +0300,2026-01-30 11:51:51.104 +0300,digitalhr,{}
506,2026-01-30 13:39:40.015 +0300,2026-01-30 13:39:40.015 +0300,excdev,{}
507,2026-01-30 19:41:13.046 +0300,2026-01-30 19:41:13.046 +0300,Альфа банк,{}
508,2026-01-30 22:13:09.373 +0300,2026-01-30 22:13:09.373 +0300,rdp,{}
509,2026-02-02 11:21:31.051 +0300,2026-02-02 11:21:31.051 +0300,гк аэрофлот,{}
510,2026-02-02 12:59:32.400 +0300,2026-02-02 12:59:32.400 +0300,playrix,{}
511,2026-02-02 15:56:22.824 +0300,2026-02-02 15:56:22.824 +0300,спортлевел,{}
512,2026-02-04 17:35:24.714 +0300,2026-02-04 17:35:24.714 +0300,aic.ru,{}
513,2026-02-05 14:33:43.090 +0300,2026-02-05 14:33:43.090 +0300,смартсофтлаб,{}
514,2026-02-05 17:26:13.350 +0300,2026-02-05 17:26:13.350 +0300,ооо прокон лаб,{}
515,2026-02-05 22:01:56.995 +0300,2026-02-05 22:01:56.995 +0300,glowbyte,{}
516,2026-02-05 22:26:50.061 +0300,2026-02-05 22:26:50.061 +0300,прокон лаб,{}
517,2026-02-07 12:11:37.005 +0300,2026-02-07 12:11:37.005 +0300,itkey,{}
518,2026-02-08 08:32:46.443 +0300,2026-02-08 08:32:46.443 +0300,салют для бизнеса,{}
519,2026-02-08 12:10:02.891 +0300,2026-02-08 12:10:02.891 +0300,эксперт,{}
520,2026-02-08 14:58:24.123 +0300,2026-02-08 14:58:24.123 +0300,saltwort,{}
521,2026-02-08 20:40:38.330 +0300,2026-02-08 20:40:38.330 +0300,мстрой,{}
523,2026-02-10 13:39:53.853 +0300,2026-02-10 13:39:53.853 +0300,aic,{}
549,2026-02-19 20:51:03.524 +0300,2026-02-19 20:51:03.524 +0300,ООО «ИТИС» (Единый Цупис),{}
527,2026-02-11 20:25:36.155 +0300,2026-02-19 22:38:59.618 +0300,moscoweb,{mosco web}
524,2026-02-10 17:51:31.631 +0300,2026-02-10 17:51:31.631 +0300,лучи,{}
525,2026-02-10 18:27:00.133 +0300,2026-02-10 18:27:00.133 +0300,mobileup,{}
528,2026-02-13 10:15:07.971 +0300,2026-02-13 10:15:07.971 +0300,hitalent,{}
31,2025-08-20 18:26:46.298 +0300,2026-02-13 13:04:27.789 +0300,Express,"{express,ex,expresssss,expresssssss,express team}"
526,2026-02-11 18:26:24.731 +0300,2026-02-13 17:34:19.480 +0300,гросссофт,{grosssoft}
529,2026-02-16 11:05:37.204 +0300,2026-02-16 11:05:37.204 +0300,connective plm,{}
522,2026-02-10 12:27:29.781 +0300,2026-02-16 13:36:38.499 +0300,россельхозбанк,"{россельхоз,россельхоз банк,рсхб- интех}"
530,2026-02-16 13:55:12.287 +0300,2026-02-16 13:55:12.287 +0300,лукоморье,{}
531,2026-02-16 14:14:21.311 +0300,2026-02-16 14:14:21.311 +0300,гравилинк,{}
533,2026-02-16 15:27:56.335 +0300,2026-02-16 15:27:56.335 +0300,"2лекс",{}
534,2026-02-16 15:50:32.208 +0300,2026-02-16 15:50:32.208 +0300,agenticlab,{}
535,2026-02-17 11:06:17.221 +0300,2026-02-17 11:06:17.221 +0300,perx,{}
537,2026-02-17 12:49:04.469 +0300,2026-02-17 12:49:04.469 +0300,allio,{}
39,2025-08-22 16:54:17.058 +0300,2026-02-17 13:49:21.941 +0300,Альфа-банк,"{Альфа Банк,Альфа банк,Альфабанк,Альфа-Банк,Альфа,альфа-банк,альфа,альфа банк,альфабанк}"
538,2026-02-17 18:48:17.685 +0300,2026-02-17 18:48:17.685 +0300,aya logic,{}
540,2026-02-18 08:13:12.407 +0300,2026-02-18 08:13:12.407 +0300,яндекс вертикаль,{}
541,2026-02-18 08:31:53.653 +0300,2026-02-18 08:31:53.653 +0300,сетте,{}
542,2026-02-18 12:38:31.346 +0300,2026-02-18 12:38:31.346 +0300,outtech,{}
543,2026-02-18 13:12:29.720 +0300,2026-02-18 13:12:29.720 +0300,ivedeon,{}
544,2026-02-18 14:23:36.564 +0300,2026-02-18 14:23:36.564 +0300,amocrm,{}
546,2026-02-19 11:06:38.376 +0300,2026-02-19 11:06:38.376 +0300,"ООО ""МАГНУС ТЕХ""",{}
548,2026-02-19 13:55:42.767 +0300,2026-02-19 13:55:42.767 +0300,future of work,{}
550,2026-02-19 23:07:00.685 +0300,2026-02-19 23:07:00.685 +0300,selecty,{}
551,2026-02-20 11:42:09.342 +0300,2026-02-20 11:42:09.342 +0300,perfect art,{}
552,2026-02-20 14:21:49.561 +0300,2026-02-20 14:21:49.561 +0300,ExcDev,{}
553,2026-02-20 15:15:50.853 +0300,2026-02-20 15:15:50.853 +0300,shiftam,{}
554,2026-02-20 17:44:16.924 +0300,2026-02-20 17:44:16.924 +0300,комстрой,{}
555,2026-02-20 23:57:23.406 +0300,2026-02-20 23:57:23.406 +0300,ssp soft,{}
556,2026-02-21 01:22:59.371 +0300,2026-02-21 01:22:59.371 +0300,сберсервис,{}
344,2025-11-07 12:17:33.256 +0300,2026-02-21 15:33:58.570 +0300,ВТБ,"{втб,втб капитал}"
557,2026-02-22 15:05:43.588 +0300,2026-02-22 15:05:43.588 +0300,healthtech,{}
558,2026-02-24 14:53:59.822 +0300,2026-02-24 14:53:59.822 +0300,бизнес формула,{}
560,2026-02-24 15:36:32.214 +0300,2026-02-24 15:36:32.214 +0300,главгосэкспертиза россии,{}
547,2026-02-19 13:53:26.594 +0300,2026-06-22 16:27:47.809 +0300,Pro Back,{proback}
561,2026-02-24 17:38:44.054 +0300,2026-02-24 17:38:44.054 +0300,notamedia,{}
562,2026-02-24 19:44:32.430 +0300,2026-02-24 19:44:32.430 +0300,мнтц миэт,{}
563,2026-02-25 19:04:50.333 +0300,2026-02-25 19:04:50.333 +0300,blackhub games,{}
564,2026-02-25 19:09:06.966 +0300,2026-02-25 19:09:06.966 +0300,нетбелл,{}
565,2026-02-25 19:21:03.613 +0300,2026-02-25 19:21:03.613 +0300,unique generation,{}
539,2026-02-17 20:50:15.482 +0300,2026-03-05 11:57:17.889 +0300,росси,{rossi}
532,2026-02-16 15:06:56.941 +0300,2026-03-07 16:41:01.184 +0300,дом.рф,"{домрф,дом рф}"
571,2026-02-26 19:38:57.221 +0300,2026-02-26 19:38:57.221 +0300,getmatch,{}
572,2026-02-26 19:55:07.514 +0300,2026-02-26 19:55:07.514 +0300,Салют для бизнеса,{}
573,2026-02-26 20:02:19.301 +0300,2026-02-26 20:02:19.301 +0300,fairmarket,{}
575,2026-02-28 15:08:30.421 +0300,2026-02-28 15:08:30.421 +0300,ак барс (акб),{}
576,2026-02-28 15:20:04.630 +0300,2026-02-28 15:20:04.630 +0300,тмк++,{}
577,2026-03-02 10:18:16.162 +0300,2026-03-02 10:18:16.162 +0300,fordewind,{}
545,2026-02-18 14:47:25.228 +0300,2026-03-02 12:40:18.715 +0300,Группа Адмитад,"{группа армитад,группа адмитад}"
578,2026-03-02 16:54:50.058 +0300,2026-03-02 16:54:50.058 +0300,nanohire,{}
579,2026-03-03 18:49:39.170 +0300,2026-03-03 18:49:39.170 +0300,сберстрахование,{}
580,2026-03-03 19:19:23.252 +0300,2026-03-03 19:19:23.252 +0300,community tech group,{}
581,2026-03-04 17:40:41.429 +0300,2026-03-04 17:40:41.429 +0300,wheely,{}
349,2025-11-10 15:51:00.403 +0300,2026-03-04 18:45:05.283 +0300,Лаборатория Касперского,"{лаборатория касперского,лаборатория}"
536,2026-02-17 11:11:26.256 +0300,2026-03-05 13:13:19.751 +0300,сбербизнессофт,{сбер бизнес софт}
582,2026-03-05 13:19:51.941 +0300,2026-03-05 13:19:51.941 +0300,asbis enterprises,{}
583,2026-03-05 15:19:22.200 +0300,2026-03-05 15:19:22.200 +0300,итк академия,{}
584,2026-03-05 15:53:54.766 +0300,2026-03-05 15:53:54.766 +0300,передовые технологии,{}
585,2026-03-05 17:58:08.764 +0300,2026-03-05 17:58:08.764 +0300,сбермедии,{}
587,2026-03-05 21:35:51.252 +0300,2026-03-05 21:35:51.252 +0300,какой-то казик (igaming) под nda,{}
588,2026-03-05 21:43:38.998 +0300,2026-03-05 21:43:38.998 +0300,прокомплаенс,{}
589,2026-03-06 11:59:12.697 +0300,2026-03-06 11:59:12.697 +0300,seller alert,{}
377,2025-11-19 19:00:36.722 +0300,2026-03-06 17:45:51.844 +0300,Techno Diasoft,"{techno diasoft,техно диасофт}"
590,2026-03-06 18:03:18.308 +0300,2026-03-06 18:03:18.308 +0300,сбернадежность,{}
591,2026-03-07 20:08:53.065 +0300,2026-03-07 20:08:53.065 +0300,absolut pos,{}
593,2026-03-09 20:55:51.868 +0300,2026-03-09 20:55:51.868 +0300,руки,{}
595,2026-03-09 21:13:16.327 +0300,2026-03-09 21:13:16.327 +0300,tages,{}
598,2026-03-10 16:40:45.466 +0300,2026-03-10 16:40:45.466 +0300,fortech,{}
178,2025-09-18 20:12:46.171 +0300,2026-03-10 20:00:21.538 +0300,Ozon tech,"{Ozon Tech,OZON,Ozon,озон,ozon tech,ozon fintech,ozon}"
599,2026-03-11 12:57:18.330 +0300,2026-03-11 12:57:18.330 +0300,t8,{}
594,2026-03-09 21:09:00.235 +0300,2026-03-11 15:42:34.335 +0300,edgecenter,{edgeцентр}
600,2026-03-11 16:14:32.973 +0300,2026-03-11 16:14:32.973 +0300,ай-теко,{}
601,2026-03-11 17:10:41.126 +0300,2026-03-11 17:10:41.126 +0300,lvideon,{}
602,2026-03-11 18:00:32.939 +0300,2026-03-11 18:00:32.939 +0300,bostongene,{}
184,2025-09-22 10:13:33.428 +0300,2026-03-11 18:13:41.951 +0300,Ростелеком,"{РТК ИТ,ростелеком,ркт,ростелеком ит,рос телеком,ртк ит,рт лукоморье}"
603,2026-03-11 19:45:06.614 +0300,2026-03-11 19:45:06.614 +0300,альфаматика,{}
605,2026-03-12 15:55:42.890 +0300,2026-03-12 15:55:42.890 +0300,Базис,{}
606,2026-03-12 17:00:06.117 +0300,2026-03-12 17:00:06.117 +0300,cleverbots,{}
607,2026-03-12 21:53:08.892 +0300,2026-03-12 21:53:08.892 +0300,бизнес азимут,{}
7,2025-07-29 18:13:06.251 +0300,2026-07-24 16:09:52.803 +0300,MTS,"{мтс,Mts,mts,MTC Digital,mws ai,мтс линк,мтс линс,мтс web services}"
608,2026-03-13 12:30:22.931 +0300,2026-03-13 12:30:22.931 +0300,mediacom,{}
609,2026-03-13 14:11:15.008 +0300,2026-03-13 14:11:15.008 +0300,fastforward,{}
610,2026-03-13 14:21:46.866 +0300,2026-03-13 14:21:46.866 +0300,вг дистрибьютор,{}
604,2026-03-11 20:20:05.622 +0300,2026-03-13 16:02:43.768 +0300,легокар,{лего}
574,2026-02-27 15:48:43.186 +0300,2026-03-16 08:36:11.280 +0300,Rdp,{rdp.ru}
586,2026-03-05 18:39:29.780 +0300,2026-06-17 21:21:11.318 +0300,x5 media,"{X5,x5 медиа,x5 medis}"
612,2026-03-16 19:18:20.516 +0300,2026-03-16 19:18:20.516 +0300,маркетинг точнее,{}
613,2026-03-18 13:18:00.863 +0300,2026-03-18 13:18:00.863 +0300,А2КОД,{}
614,2026-03-18 13:19:38.064 +0300,2026-03-18 13:19:38.064 +0300,Легокар,{}
615,2026-03-18 13:33:50.797 +0300,2026-03-18 13:33:50.797 +0300,salutedev,{}
616,2026-03-18 17:48:29.281 +0300,2026-03-18 17:48:29.281 +0300,enchant venture studio,{}
617,2026-03-18 19:37:39.240 +0300,2026-03-18 19:37:39.240 +0300,small,{}
618,2026-03-19 11:43:10.344 +0300,2026-03-19 11:43:10.344 +0300,россгосстрах,{}
611,2026-03-15 15:27:59.300 +0300,2026-03-19 13:16:36.921 +0300,Сбербанк,{сбер лига цифровой}
619,2026-03-20 10:29:30.161 +0300,2026-03-20 10:29:30.161 +0300,sayhire,{}
620,2026-03-21 21:09:51.209 +0300,2026-03-21 21:09:51.209 +0300,риком-траст,{}
621,2026-03-22 13:17:58.516 +0300,2026-03-22 13:17:58.516 +0300,старт,{}
597,2026-03-10 13:16:22.201 +0300,2026-03-22 14:15:14.963 +0300,а2код,{a2код}
622,2026-03-23 17:24:31.853 +0300,2026-03-23 17:24:31.853 +0300,софтплюс,{}
623,2026-03-24 12:22:05.590 +0300,2026-03-24 12:22:05.590 +0300,aegisit,{}
624,2026-03-25 11:41:31.659 +0300,2026-03-25 11:41:31.659 +0300,норникель,{}
625,2026-03-25 15:57:34.474 +0300,2026-03-25 15:57:34.474 +0300,insales,{}
626,2026-03-25 18:30:12.883 +0300,2026-03-25 18:30:12.883 +0300,семейный доктор,{}
628,2026-03-26 11:03:45.122 +0300,2026-03-26 11:03:45.122 +0300,црт,{}
629,2026-03-26 11:07:50.811 +0300,2026-03-26 11:07:50.811 +0300,барл нпк,{}
630,2026-03-26 17:00:11.172 +0300,2026-03-26 17:00:11.172 +0300,my.games,{}
631,2026-03-28 12:22:00.074 +0300,2026-03-28 12:22:00.074 +0300,tripster,{}
632,2026-03-30 19:07:21.192 +0300,2026-03-30 19:07:21.192 +0300,сбк парус,{}
633,2026-03-31 15:09:23.990 +0300,2026-03-31 15:09:23.990 +0300,media instinct group,{}
634,2026-04-01 22:42:29.607 +0300,2026-04-01 22:42:29.607 +0300,inventive retail group,{}
635,2026-04-02 16:21:11.829 +0300,2026-04-02 16:21:11.829 +0300,axiomica,{}
636,2026-04-02 18:50:08.082 +0300,2026-04-02 18:50:08.082 +0300,hyper adtech,{}
637,2026-04-03 15:26:00.369 +0300,2026-04-03 15:26:00.369 +0300,Ivideon,{}
638,2026-04-04 13:20:35.922 +0300,2026-04-04 13:20:35.922 +0300,альфа-капитал,{}
639,2026-04-06 14:41:56.464 +0300,2026-04-06 14:41:56.464 +0300,loyalty labs,{}
640,2026-04-06 14:46:37.805 +0300,2026-04-06 14:46:37.805 +0300,сбер аналитика,{}
9,2025-07-30 14:00:24.534 +0300,2026-04-07 15:28:26.389 +0300,Код открытия,"{Код открытике,Код Открытия,код открытия,код открытие}"
641,2026-04-07 16:09:35.967 +0300,2026-04-07 16:09:35.967 +0300,qiwi,{}
642,2026-04-10 14:37:30.615 +0300,2026-04-10 14:37:30.615 +0300,сбер звук,{}
643,2026-04-10 15:46:56.088 +0300,2026-04-10 15:46:56.088 +0300,broad apps,{}
644,2026-04-13 15:54:35.449 +0300,2026-04-13 15:54:35.449 +0300,газпромбанк,{}
645,2026-04-14 14:25:26.961 +0300,2026-04-14 14:25:26.961 +0300,комтек,{}
646,2026-04-15 15:42:12.979 +0300,2026-04-15 15:42:12.979 +0300,сбер софт,{}
592,2026-03-09 20:15:15.175 +0300,2026-04-27 17:55:29.666 +0300,т1 иннотех,{т1}
647,2026-04-15 18:39:13.564 +0300,2026-04-15 18:39:13.564 +0300,Small,{}
648,2026-04-15 18:43:07.337 +0300,2026-04-15 18:43:07.337 +0300,ООО «Лаборатория цифровых решений»,{}
649,2026-04-17 16:09:41.106 +0300,2026-04-17 16:09:41.106 +0300,логика молока,{}
650,2026-04-20 16:08:28.488 +0300,2026-04-20 16:08:28.488 +0300,payplanet,{}
651,2026-04-20 17:10:30.545 +0300,2026-04-20 17:10:30.545 +0300,моринтех,{}
652,2026-04-20 19:45:05.619 +0300,2026-04-20 19:45:05.619 +0300,Сбер,{}
653,2026-04-21 17:14:33.432 +0300,2026-04-21 17:14:33.432 +0300,keygo.io,{}
654,2026-04-22 14:36:20.384 +0300,2026-04-22 14:36:20.384 +0300,ак барс банк,{}
655,2026-04-23 19:03:18.187 +0300,2026-04-23 19:03:18.187 +0300,Танто,{}
656,2026-04-24 14:47:32.228 +0300,2026-04-24 14:47:32.228 +0300,askon,{}
627,2026-03-25 21:21:30.695 +0300,2026-04-27 17:47:42.954 +0300,т2,{t2}
658,2026-04-28 10:39:02.252 +0300,2026-04-28 10:39:02.252 +0300,амоЦРМ,{}
659,2026-04-28 18:43:05.203 +0300,2026-04-28 18:43:05.203 +0300,Askona,{}
660,2026-04-29 15:09:34.755 +0300,2026-04-29 15:09:34.755 +0300,"ооо ""норникель спутник""",{}
661,2026-04-30 19:02:15.729 +0300,2026-04-30 19:02:15.729 +0300,egor marin,{}
662,2026-05-01 20:23:43.306 +0300,2026-05-01 20:23:43.306 +0300,itone,{}
663,2026-05-02 00:50:58.379 +0300,2026-05-02 00:50:58.379 +0300,Магнит Тех,{}
664,2026-05-04 21:30:46.392 +0300,2026-05-04 21:30:46.392 +0300,sitronics group,{}
665,2026-05-05 12:57:21.722 +0300,2026-05-05 12:57:21.722 +0300,Русал,{}
666,2026-05-14 17:26:55.521 +0300,2026-05-14 17:26:55.521 +0300,юникредит,{}
667,2026-05-16 12:55:35.499 +0300,2026-05-16 12:55:35.499 +0300,смотрим,{}
596,2026-03-10 11:43:56.907 +0300,2026-05-18 11:40:34.940 +0300,"иннотех, холдинг т1.","{иннотех,инотех}"
669,2026-05-19 11:54:58.306 +0300,2026-05-19 11:54:58.306 +0300,ГосНИИАС,{}
670,2026-05-25 17:13:48.083 +0300,2026-05-25 17:13:48.083 +0300,исходный код,{}
671,2026-05-30 10:07:30.945 +0300,2026-05-30 10:07:30.945 +0300,фосагро,{}
672,2026-06-02 11:38:34.659 +0300,2026-06-02 11:38:34.659 +0300,wmt,{}
673,2026-06-03 18:45:52.418 +0300,2026-06-03 18:45:52.418 +0300,victory group,{}
674,2026-06-04 13:28:29.352 +0300,2026-06-04 13:28:29.352 +0300,trafficstars,{}
675,2026-06-04 15:14:32.477 +0300,2026-06-04 15:14:32.477 +0300,мос.ру (исходный код),{}
676,2026-06-04 15:27:22.056 +0300,2026-06-04 15:27:22.056 +0300,ecom.tech,{}
677,2026-06-05 12:21:51.145 +0300,2026-06-05 12:21:51.145 +0300,ucp,{}
678,2026-06-05 21:38:46.163 +0300,2026-06-05 21:38:46.163 +0300,ит-экспертиза,{}
668,2026-05-18 19:18:05.287 +0300,2026-06-05 21:47:21.475 +0300,стилсофт,{стилсспейс}
679,2026-06-08 16:41:04.647 +0300,2026-06-08 16:41:04.647 +0300,warefly,{}
680,2026-06-08 18:09:57.040 +0300,2026-06-08 18:09:57.040 +0300,"ООО ""АК""",{}
681,2026-06-08 22:06:26.672 +0300,2026-06-08 22:06:26.672 +0300,р-фарм,{}
682,2026-06-09 11:35:46.451 +0300,2026-06-09 11:35:46.451 +0300,аутстаф какой-то,{}
683,2026-06-09 11:42:15.714 +0300,2026-06-09 11:42:15.714 +0300,аутстаф,{}
684,2026-06-09 14:22:27.553 +0300,2026-06-09 14:22:27.553 +0300,снс,{}
685,2026-06-09 16:05:50.177 +0300,2026-06-09 16:05:50.177 +0300,ipchain,{}
686,2026-06-10 15:09:15.504 +0300,2026-06-10 15:09:15.504 +0300,redlab,{}
687,2026-06-10 17:21:43.010 +0300,2026-06-10 17:21:43.010 +0300,arx,{}
688,2026-06-11 11:34:18.040 +0300,2026-06-11 11:34:18.040 +0300,scalable solutions,{}
689,2026-06-11 14:53:29.602 +0300,2026-06-11 14:53:29.602 +0300,lexica,{}
690,2026-06-13 12:21:07.235 +0300,2026-06-13 12:21:07.235 +0300,magnittech,{}
691,2026-06-15 13:33:17.864 +0300,2026-06-15 13:33:17.864 +0300,alderasoft,{}
692,2026-06-15 14:04:02.298 +0300,2026-06-15 14:04:02.298 +0300,decart it,{}
693,2026-06-15 19:15:42.779 +0300,2026-06-15 19:15:42.779 +0300,ред софт,{}
694,2026-06-15 19:27:16.273 +0300,2026-06-15 19:27:16.273 +0300,рустехдрон,{}
695,2026-06-16 13:58:07.331 +0300,2026-06-16 13:58:07.331 +0300,б1,{}
696,2026-06-16 14:20:23.148 +0300,2026-06-16 14:20:23.148 +0300,seldon,{}
697,2026-06-17 13:28:08.357 +0300,2026-06-17 13:28:08.357 +0300,Selecty,{}
698,2026-06-17 15:16:38.827 +0300,2026-06-17 15:16:38.827 +0300,отп банк,{}
699,2026-06-18 14:42:15.978 +0300,2026-06-18 14:42:15.978 +0300,астрал софт,{}
700,2026-06-18 16:46:44.424 +0300,2026-06-18 16:46:44.424 +0300,mtc link,{}
701,2026-06-19 10:35:16.350 +0300,2026-06-19 10:35:16.350 +0300,simplecompany,{}
702,2026-06-19 11:58:19.071 +0300,2026-06-19 11:58:19.071 +0300,itfb group,{}
703,2026-06-19 13:41:55.299 +0300,2026-06-19 13:41:55.299 +0300,экспобанк,{}
704,2026-06-22 12:21:35.442 +0300,2026-06-22 12:21:35.442 +0300,виа нумери груп,{}
705,2026-06-22 15:34:41.704 +0300,2026-06-22 15:34:41.704 +0300,молайн,{}
706,2026-06-22 16:31:04.294 +0300,2026-06-22 16:31:04.294 +0300,Хэдворд,{}
707,2026-06-23 12:54:08.558 +0300,2026-06-23 12:54:08.558 +0300,jetlend,{}
708,2026-06-23 15:34:32.861 +0300,2026-06-23 15:34:32.861 +0300,postgres pro,{}
26,2025-08-18 15:33:02.619 +0300,2026-06-23 18:00:55.523 +0300,Positive Technologies,"{Positive,positive technologies,позитив технолоджис,positive}"
709,2026-06-23 18:14:02.627 +0300,2026-06-23 18:14:02.627 +0300,аренадата,{}
710,2026-06-23 18:20:27.711 +0300,2026-06-23 18:20:27.711 +0300,цфр,{}
711,2026-06-23 18:24:56.030 +0300,2026-06-23 18:24:56.030 +0300,пиклема,{}
712,2026-06-23 18:39:30.201 +0300,2026-06-23 18:39:30.201 +0300,трим,{}
713,2026-06-23 19:07:07.901 +0300,2026-06-23 19:07:07.901 +0300,ньютон технологии,{}
714,2026-06-23 19:12:18.039 +0300,2026-06-23 19:12:18.039 +0300,data generation,{}
657,2026-04-24 19:25:30.161 +0300,2026-06-23 19:27:08.817 +0300,masterdelivery,{мастер}
715,2026-06-23 19:37:40.389 +0300,2026-06-23 19:37:40.389 +0300,eqvanta,{}
716,2026-06-23 19:42:34.112 +0300,2026-06-23 19:42:34.112 +0300,photo point,{}
717,2026-06-24 13:30:30.438 +0300,2026-06-24 13:30:30.438 +0300,Стилспейс,{}
718,2026-06-24 13:48:53.504 +0300,2026-06-24 13:48:53.504 +0300,стилспейс,{}
719,2026-06-24 16:14:51.251 +0300,2026-06-24 16:14:51.251 +0300,мкк небус,{}
720,2026-06-29 14:47:25.760 +0300,2026-06-29 14:47:25.760 +0300,консалтика,{}
721,2026-07-02 07:51:03.336 +0300,2026-07-02 07:51:03.336 +0300,MasterDelivery,{}
722,2026-07-03 06:10:18.337 +0300,2026-07-03 06:10:18.337 +0300,rwb,{}
723,2026-07-03 13:43:02.950 +0300,2026-07-03 13:43:02.950 +0300,ajasp,{}
724,2026-07-03 13:50:31.516 +0300,2026-07-03 13:50:31.516 +0300,secunda,{}
725,2026-07-03 17:40:28.150 +0300,2026-07-03 17:40:28.150 +0300,м.видео-эльдорадо,{}
726,2026-07-07 15:39:40.680 +0300,2026-07-07 15:39:40.680 +0300,идапроджект,{}
727,2026-07-08 11:20:42.894 +0300,2026-07-08 11:20:42.894 +0300,банк россии,{}
728,2026-07-08 15:32:52.807 +0300,2026-07-08 15:32:52.807 +0300,Консалтика,{}
729,2026-07-08 16:47:00.784 +0300,2026-07-08 16:47:00.784 +0300,фалькон тех,{}
730,2026-07-09 18:20:40.112 +0300,2026-07-09 18:20:40.112 +0300,трипстер,{}
731,2026-07-09 18:24:33.290 +0300,2026-07-09 18:24:33.290 +0300,skillstaff,{}
732,2026-07-10 14:23:00.068 +0300,2026-07-10 14:23:00.068 +0300,небус,{}
733,2026-07-10 16:20:40.384 +0300,2026-07-10 16:20:40.384 +0300,the tribe (на самом деле хз),{}
734,2026-07-11 11:56:53.954 +0300,2026-07-11 11:56:53.954 +0300,Исходный код,{}
735,2026-07-13 10:40:45.029 +0300,2026-07-13 10:40:45.029 +0300,интсис,{}
736,2026-07-20 11:10:11.014 +0300,2026-07-20 11:10:11.014 +0300,вычислительные решения,{}
737,2026-07-22 13:37:13.273 +0300,2026-07-22 13:37:13.273 +0300,пролайт,{}
738,2026-07-24 16:17:39.878 +0300,2026-07-24 16:17:39.878 +0300,туласофт,{}
739,2026-07-27 13:48:34.811 +0300,2026-07-27 13:48:34.811 +0300,синьор софт,{}
740,2026-07-28 04:14:17.189 +0300,2026-07-28 04:14:17.189 +0300,атом безопасность,{}
741,2026-07-28 14:16:42.571 +0300,2026-07-28 14:16:42.571 +0300,neoflex,{}
742,2026-07-30 08:26:21.239 +0300,2026-07-30 08:26:21.239 +0300,радиант,{}
743,2026-07-30 08:32:50.185 +0300,2026-07-30 08:32:50.185 +0300,экодар,{}
744,2026-07-30 11:21:52.473 +0300,2026-07-30 11:21:52.473 +0300,ньюбизнеслайн,{}
745,2026-07-30 12:22:33.379 +0300,2026-07-30 12:22:33.379 +0300,энерготрансгрупп,{}
746,2026-07-30 13:24:35.961 +0300,2026-07-30 13:24:35.961 +0300,tiqum,{}
114,2025-09-05 11:51:47.494 +0300,2026-07-30 13:29:40.914 +0300,АФЛТ-Системс (ГК «Аэрофлот»),"{АФЛТ-системс(аэрофлот),афлт-системс,аэрофлот,алтф,афлт-системс (гк ""аэрофлот"")}"
